n;cmp_avx;cmp_base;cmp_matrix;cmpavx_noapprox;cmpavx_approx;cmpcc_avx_cc;cmpcc_base_cc;cmpcc_matrix_cc;cmpmatrix_badindex;cmpmatrix_goodindex
500;5.8908;1;2.326;0;0.4757;0.1665;0.2414;0.0835999999999999;1;1.1571
1000;7.0103;1;2.1544;0;0.3812;0.3561;0.3786;0.0791999999999999;1;1.4174
5000;7.3586;1;1.6735;0;0.4053;0.1618;0.3591;0.0727;1;4.5768
10000;7.4355;1;1.649;0;0.4438;0.1395;0.3604;0.1285;1;5.1542
